{
  "" : {
    "transaction" : "",
    "sampleCount" : 23,
    "errorCount" : 23,
    "errorPct" : 100.0,
    "meanResTime" : 1709.4782608695652,
    "medianResTime" : 1762.0,
    "minResTime" : 1012.0,
    "maxResTime" : 2550.0,
    "pct1ResTime" : 2244.2000000000003,
    "pct2ResTime" : 2501.399999999999,
    "pct3ResTime" : 2550.0,
    "throughput" : 4.588071015360064,
    "receivedKBytesPerSec" : 21.469374937662078,
    "sentKBytesPerSec" : 29.817981061739477
  },
  "-90" : {
    "transaction" : "-90",
    "sampleCount" : 28,
    "errorCount" : 28,
    "errorPct" : 100.0,
    "meanResTime" : 90.32142857142857,
    "medianResTime" : 42.0,
    "minResTime" : 36.0,
    "maxResTime" : 258.0,
    "pct1ResTime" : 213.10000000000002,
    "pct2ResTime" : 246.29999999999993,
    "pct3ResTime" : 258.0,
    "throughput" : 7.577807848443843,
    "receivedKBytesPerSec" : 1.6946464817320703,
    "sentKBytesPerSec" : 3.589098443843031
  },
  "-91" : {
    "transaction" : "-91",
    "sampleCount" : 28,
    "errorCount" : 0,
    "errorPct" : 0.0,
    "meanResTime" : 138.1785714285714,
    "medianResTime" : 124.0,
    "minResTime" : 119.0,
    "maxResTime" : 319.0,
    "pct1ResTime" : 221.3,
    "pct2ResTime" : 276.2499999999997,
    "pct3ResTime" : 319.0,
    "throughput" : 7.834359261331841,
    "receivedKBytesPerSec" : 3.802691749440403,
    "sentKBytesPerSec" : 3.657054420817012
  },
  "-92" : {
    "transaction" : "-92",
    "sampleCount" : 28,
    "errorCount" : 0,
    "errorPct" : 0.0,
    "meanResTime" : 141.9285714285715,
    "medianResTime" : 125.0,
    "minResTime" : 119.0,
    "maxResTime" : 395.0,
    "pct1ResTime" : 218.3,
    "pct2ResTime" : 316.6999999999995,
    "pct3ResTime" : 395.0,
    "throughput" : 7.82122905027933,
    "receivedKBytesPerSec" : 3.7974096543296088,
    "sentKBytesPerSec" : 3.6509252793296088
  },
  "-93" : {
    "transaction" : "-93",
    "sampleCount" : 25,
    "errorCount" : 0,
    "errorPct" : 0.0,
    "meanResTime" : 152.88,
    "medianResTime" : 125.0,
    "minResTime" : 120.0,
    "maxResTime" : 380.0,
    "pct1ResTime" : 262.0000000000002,
    "pct2ResTime" : 363.49999999999994,
    "pct3ResTime" : 380.0,
    "throughput" : 7.559721802237678,
    "receivedKBytesPerSec" : 3.6673509789839733,
    "sentKBytesPerSec" : 3.528854513153916
  },
  "-83" : {
    "transaction" : "-83",
    "sampleCount" : 32,
    "errorCount" : 32,
    "errorPct" : 100.0,
    "meanResTime" : 88.375,
    "medianResTime" : 42.0,
    "minResTime" : 36.0,
    "maxResTime" : 295.0,
    "pct1ResTime" : 211.5,
    "pct2ResTime" : 274.19999999999993,
    "pct3ResTime" : 295.0,
    "throughput" : 6.547984448536935,
    "receivedKBytesPerSec" : 1.4643441784325764,
    "sentKBytesPerSec" : 2.947871905054226
  },
  "-94" : {
    "transaction" : "-94",
    "sampleCount" : 25,
    "errorCount" : 0,
    "errorPct" : 0.0,
    "meanResTime" : 152.52,
    "medianResTime" : 124.0,
    "minResTime" : 120.0,
    "maxResTime" : 413.0,
    "pct1ResTime" : 258.6000000000002,
    "pct2ResTime" : 380.8999999999999,
    "pct3ResTime" : 413.0,
    "throughput" : 7.566585956416465,
    "receivedKBytesPerSec" : 3.648808735623487,
    "sentKBytesPerSec" : 3.532058678874092
  },
  "-84" : {
    "transaction" : "-84",
    "sampleCount" : 32,
    "errorCount" : 32,
    "errorPct" : 100.0,
    "meanResTime" : 78.1875,
    "medianResTime" : 40.0,
    "minResTime" : 37.0,
    "maxResTime" : 289.0,
    "pct1ResTime" : 228.7,
    "pct2ResTime" : 287.7,
    "pct3ResTime" : 289.0,
    "throughput" : 6.9144338807260155,
    "receivedKBytesPerSec" : 1.5462942955920485,
    "sentKBytesPerSec" : 3.112845721694036
  },
  "-95" : {
    "transaction" : "-95",
    "sampleCount" : 24,
    "errorCount" : 0,
    "errorPct" : 0.0,
    "meanResTime" : 139.04166666666663,
    "medianResTime" : 58.0,
    "minResTime" : 51.0,
    "maxResTime" : 533.0,
    "pct1ResTime" : 240.5,
    "pct2ResTime" : 460.0,
    "pct3ResTime" : 533.0,
    "throughput" : 7.712082262210797,
    "receivedKBytesPerSec" : 2.1087724935732646,
    "sentKBytesPerSec" : 3.517131266066838
  },
  "-85" : {
    "transaction" : "-85",
    "sampleCount" : 32,
    "errorCount" : 0,
    "errorPct" : 0.0,
    "meanResTime" : 126.375,
    "medianResTime" : 72.5,
    "minResTime" : 50.0,
    "maxResTime" : 399.0,
    "pct1ResTime" : 249.5,
    "pct2ResTime" : 307.3499999999997,
    "pct3ResTime" : 399.0,
    "throughput" : 6.718454755406256,
    "receivedKBytesPerSec" : 1.8370774721813983,
    "sentKBytesPerSec" : 3.1164707117363006
  },
  "-96" : {
    "transaction" : "-96",
    "sampleCount" : 23,
    "errorCount" : 0,
    "errorPct" : 0.0,
    "meanResTime" : 203.47826086956522,
    "medianResTime" : 209.0,
    "minResTime" : 50.0,
    "maxResTime" : 652.0,
    "pct1ResTime" : 414.6000000000002,
    "pct2ResTime" : 615.3999999999994,
    "pct3ResTime" : 652.0,
    "throughput" : 7.474813129671758,
    "receivedKBytesPerSec" : 2.0438942151446216,
    "sentKBytesPerSec" : 3.467320543548911
  },
  "-86" : {
    "transaction" : "-86",
    "sampleCount" : 29,
    "errorCount" : 0,
    "errorPct" : 0.0,
    "meanResTime" : 148.5862068965517,
    "medianResTime" : 125.0,
    "minResTime" : 121.0,
    "maxResTime" : 285.0,
    "pct1ResTime" : 248.0,
    "pct2ResTime" : 284.0,
    "pct3ResTime" : 285.0,
    "throughput" : 6.764637275484022,
    "receivedKBytesPerSec" : 3.267053738045253,
    "sentKBytesPerSec" : 3.1577115407044554
  },
  "-87" : {
    "transaction" : "-87",
    "sampleCount" : 30,
    "errorCount" : 0,
    "errorPct" : 0.0,
    "meanResTime" : 117.73333333333332,
    "medianResTime" : 62.0,
    "minResTime" : 50.0,
    "maxResTime" : 587.0,
    "pct1ResTime" : 217.0,
    "pct2ResTime" : 384.0499999999997,
    "pct3ResTime" : 587.0,
    "throughput" : 6.7598017124831005,
    "receivedKBytesPerSec" : 1.848383280757098,
    "sentKBytesPerSec" : 3.1356502084272195
  },
  "-88" : {
    "transaction" : "-88",
    "sampleCount" : 29,
    "errorCount" : 0,
    "errorPct" : 0.0,
    "meanResTime" : 51.37931034482759,
    "medianResTime" : 44.0,
    "minResTime" : 40.0,
    "maxResTime" : 110.0,
    "pct1ResTime" : 66.0,
    "pct2ResTime" : 89.0,
    "pct3ResTime" : 110.0,
    "throughput" : 6.788389513108615,
    "receivedKBytesPerSec" : 1.5313652124297752,
    "sentKBytesPerSec" : 3.2218333040730336
  },
  "-89" : {
    "transaction" : "-89",
    "sampleCount" : 28,
    "errorCount" : 0,
    "errorPct" : 0.0,
    "meanResTime" : 43.03571428571429,
    "medianResTime" : 30.0,
    "minResTime" : 13.0,
    "maxResTime" : 177.0,
    "pct1ResTime" : 84.20000000000013,
    "pct2ResTime" : 172.49999999999997,
    "pct3ResTime" : 177.0,
    "throughput" : 7.454739084132056,
    "receivedKBytesPerSec" : 2.0267051883652822,
    "sentKBytesPerSec" : 3.494408945686901
  },
  "Total" : {
    "transaction" : "Total",
    "sampleCount" : 393,
    "errorCount" : 92,
    "errorPct" : 23.40967,
    "meanResTime" : 116.88040712468201,
    "medianResTime" : 121.0,
    "minResTime" : 13.0,
    "maxResTime" : 652.0,
    "pct1ResTime" : 220.60000000000002,
    "pct2ResTime" : 259.4999999999998,
    "pct3ResTime" : 472.84000000000015,
    "throughput" : 76.54850019477989,
    "receivedKBytesPerSec" : 25.303506646864044,
    "sentKBytesPerSec" : 35.5189895184067
  }
}